Title Number,Source Title in Annuhazi,Source Title 1 in English,Source,Title Explaination,Source Title 1 in Chinese,Source Title 2 in English & Anuhazi,Source Title 2 in Chinese & Anuhazi
1,,Prayer For Safe Passage,,,安全通往天堂之道的祈禱,The Kan-Tar-RiE'ah Um-Shaddh-Eie Gate Command,打開 “Kan - Tar - RiE’ah Um - Shaddh -Eie” 天門指令
2,,ManU Technique 1 The Magic Words of Co-Creation,,"Embodying the In-Breath and Out-Breath of God. The Sacred Seuriea Psonns Radial Body Eckasha Merkaba Tonal Activation Sequence

",“曼努“（無極）功法第1 ：共同創造語,,
3,,The Silver Seed Krystal river Prayer,,(Sanctification and Invocation) ,聖水晶河禱告和呼求,For Krystal River Activation and Amplification,用作聖水晶河激活和氣流加強
4,"Rei-ha-VA’-ah UN-Krys-ta’ -LO El-em-en-tl en-E-vo-KI
",The Krystal River Elemental Command Invocation,,Krys-ta’-LO” must be used directly prior to this Elemental Command Invocation or this Invocation will simply DO NOTHING at all..),,"Krystiac Sanctification and Salvage-Rite of Reclamation (for Krystal River Stream Activation, Location Clearing & Healing Facilitation)

",
5,Psonn of Aurora,,,"Opens the Luna DhaLA Reisha Veil and 1st, La He de Sala DN-2 Sala Solar Passage & related flows.",,,
6,Krysta - A’jha Declarium,Vow of The Krystar,,(“Vow of the Krystar”; sacred energy exchange with the “krystar from which we came”),,,
7,Prayer of the DhA-Ya-Tei;,Prayer of the DhA-Ya-Tei;Prayer of the Ultimate Desire,,,,,
8,Invocation of the Maharata,Mah'-ah' Bi-Vec'tus Inavhoki,"Dance For Life Program Manual, Page 223, Technique 9: Sacred Psonns Psonn of Lyra + Psonn of Khemalohatea + Psonn of Lyra",Psonn of Lyra (Creation Decree Invocation AS the personal D-12 Christos Avatar Maharata self identity),,,
9,Psonn of Khemalohatea,(Song of Camelot?),"Dance For Life Program, page 224-225, Technique 9,Sacred Psonns Psonn of Lyra + Psonn of Khemalohatea + Psonn of Lyra",,,,
