Anuhazi,Pronunciation,English,Chinese,Source Title Number
Ah -aL - aah /Aah -LAEA’,,Respectful appeal to the inner & outer 1st expressions of the UN/ONE,鄭重地向維一的萬物之源，他的內里和外圍的表達創造世界，請求：,1
Aah -LAEA’,aLay”,,,
Jshwa -E’ La -Khem,,Request to fill with the Eternal Spirit & Sound/Light/Seed of the God Source/One,要求以神源的永恆的音／光／種，來充滿,1
Dah -aah’ Na’ -SA,,The Many Passages of the Lower Worlds of Density Matter Manifestation,密度宇宙的物質演化的低乘世界的許多通道。,1
Un vier’ - tum AB- Da -La -Sha’ –NA,,Opening the Vacuums/Voids/Veils(spaces between) of the Bodies of the manifest,打開世界化體之間的真空／空洞／紗膜,1
UT’ Ra -VA’-TA,,To receive the Eternal Living-Light of the Highest Heavens expressed,"來接受最高天堂的永恆活光。

",1
(Tah A’sha Inta DorA 3x),,"It is spoken, So it shall be done(3 times)",如是道，如是成。（3次）,1
[“Ench-allah”] ha’ -DA -ECK’ -Va,,"Giving as Gift to Ah-ah-aah(the inner 1st Flame) the opening of the Doorway to the high Inner-Ecka Core(“Core of Creation”)

",給我們這禮物， Ah -aL-aah(內在世界第一火焰），打開 通往高內在 Ecka 核心（創造的核中心）的門道，,1
Neu - a DU -E’thra Sh -e’ – sa,,Parting the Veil of the Ethra Doorway,在打開 Ethra 門道的 紗膜的同時，,1
aLE’ -A,,For the entry of the 1st Expression of the UN/ONE,給萬物之源的第一表達創造的進來。,1
(Um ah A trA E’na A Eckasha 3x),,Hailing the Eckasha God-Force (3 times),虔誠地向 Eckasha 神源符請求，與我共同創造。（3 次）,1
Um-ah-A' ThrA' E-na- A Ec-ka-sha (3 x),,Psonn - 1: Hailing the Eckasha God-Force  -The Request,歌段第1（ 意卡莎歌段）： 通神（招喚 意卡莎神力(意卡莎）-請求,2
EirA-Sha-Ra-D-K-ShA Ta'a-Mira-Prana-Chi,,Psonn - 2: The In-Breath - Intention Imbedding -The Directive,歌段第2（意雷歌段）：懷願（立願回神） － 回流吸氣 -指導,2
ManU-Ec-RAE-Dha-KHU-KEE- Ma'a-Yana-Traia-Rei,,Psonn-3: The Pause-Breath - Intention Creation -The Creation,歌段第3（曼努歌段）: 成願（意願創造形成）－ 閉氣積壘 -創造,2
"ManA-Ka-E-Ha-HU-Ra- Hara-Maya-Mana-Ki(k""E"")",,Psonn-4: The Out-Breath- Intention Manifestation -The Projection,歌段第4（曼尼歌段）: 化願（意願創造的演化體現 ）－ 呼氣外流 -演化,2
Ki,"k""E""",,,
A-sh-alum- Ta' E-ka'sha- deh',,End: ,收功：,2
Sah-sa-jhu-A’,,Silver Seed,银色种子,3
Um-sa’-TA,,Prayer(Sanctification),禱告（聖化）,3
Rei-ha-VA’-ah,,River,河,3
UN-Krys-ta’-LO,,Krystal,水晶,3
Rei-ha-VA’-ah UN-Krys-ta’-LO,,Flowing river made of Krystiac Eternally Living Crystal of the ONE SOURCE;,,3
DE-va’ en-TUr’-A E’-Sta-en-taO,,,,3
Rei-ha-VA’-ah UN-Krys-ta’-LO,,,,3
E-Rha’-HO e-Te-na Ha’-VA,,,,3
e-TU- TO’-RA en-cha’-hA NU’-vO-et-TA en-Ta-rO,,,,3
SE’-va blen’-A OOUr-tU- en-Ka’LA,,,,3
DA-hE-Ta’-VA et-ur-TA-Dha E’LAi-sa AL-Hum-Bhra,,,,3
DA-hE-NE’-va A-sa-Lah’-sO en-DU-e’thra Don Aquari,,,,3
DA-hE-U’r-tO tra-DE’-Lha Ur-en-Ta’-RO de’-Ha’ah-Tur,,,,3
Cum-sa-A’-HO DUr-e-TA’-ta DhA-yah-TUUN E’LAi-sa-VE’,,(Kristiac Councils of the Aurora-Guardians of the Spanner Gates,,3
Cum-sa-A’-HO Dur-e-TA’-ta ALLum-uur AL-Hum-Bhra-VA’,,(Kristiac Councils of the Aurora-Guardians of the Spanner Gates,,3
Cum-sa-A’-HO DUr-e-TA’-ta en-ta-HU’m UN-KrystaLA,,(Kristiac Councils of the Aurora-Guardians of the Spanner Gates,,3
HU’m UN-KrystaLA,UN-Kris-ta-LA’,,,
Cum-sa-A’-HO DUr-e-TA’-ta Aquious,Ah-QWE’-us,(Kristiac Councils of the Aurora-Guardians of the Spanner Gates,,3
Cum-sa-A’-HO DUr-e-TA’-ta AquaFarE,Ah-QWa-Fah-rE’,(Kristiac Councils of the Aurora-Guardians of the Spanner Gates,,3
Cum-sa-A’-HO DUr-e-TA’-ta Aquari,Ah-Qair-E”,(Kristiac Councils of the Aurora-Guardians of the Spanner Gates,,3
Cum-sa-A’-HO DUr-e-TA’-ta Ha’ah-TUr,,(Kristiac Councils of the Aurora-Guardians of the Spanner Gates,,3
Cum-sa-A’-HO DUr-e-TA’-ta AdonA’,,(Kristiac Councils of the Aurora-Guardians of the Spanner Gates,,3
Cum-sa-A’-HO DUr-e-TA’-ta EyanA’,,(Kristiac Councils of the Aurora-Guardians of the Spanner Gates,,3
Cum-sa-A’-HO DUr-e-TA’-ta Eieyani’ Ma’a Hoo-et-A,,(Kristiac Councils of the Aurora-Guardians of the Spanner Gates,,3
Cum-sa-A’-HO DUr-e-TA’-ta oo-Sha’ LA’-zun dU Rho-szet’-TA,,(Kristiac Councils of the Aurora-Guardians of the Spanner Gates,,3
Cum-sa-A’-HO DUr-e-TA’-ta Mashaya-Hana Aqueion,,(Kristiac Councils of the Aurora-Guardians of the Spanner Gates,,3
Cum-sa-A’-HO DUr-e-TA’-ta Ute-AurorA’,Oot- ah-RO’-rA’,(Kristiac Councils of the Aurora-Guardians of the Spanner Gates,,3
Bhendi-Aah-jha et-tu E’LAi-sa AL-Hum-Bhrus,,,,3
Bhendi-Dur’O-ah-MA’-Jha Ute-AurorA Aqueion,,Urtha-AquafarE “Blue Dragons” -Aquatic-bird-blue-humanid,,3
Ute-AurorA,OOt- ah-RO-rA’,,,
Aqueion,Ah-QE-on,,,3
Bhendi-Ha’-LA E-Sha-NU’-a Ute-AurorA Aqueion,,Urtha-AquafarE “Gold Dragons”--Winged-lion-biped-humanid,,3
Bhendi-Ra-MA’ Ra-tha-jhen-tU Ute-AurorA Aqueion, ,Urtha-AquafarE “Purple Dragons” -Breatharian-white-humanid,,3
,,Bring forth now the Krystal River of Eternal 1st Creation,,3
,,Bring forth now the Healing Waters of the Edon’s Umshaddhi,,3
,,Bring forth now the Gentle Wind-song of the Sacred Yunasun-Central Sun of the Yunasai Inner Domain Seed-Atom yunasai,,3
,,Bring forth here the Radiant Starlight of the Eternally StarBorn.,,3
,,Let the Krystal River flow unto my doorstep,,3
,,Let the Krystal River cleanse and heal my Soul,,3
,,May the Krystal River Love-song All-embracing,,3
,,Emerge now from my Krysted Krystal Core,,3
,,To softly call me HOME!,,3
DE-va’ en-TUr’-A E’-Sta-en-taO,,,,3
Rei-ha-VA’-ah UN-Krys-ta’-LO,,,,4
Ashalum-Ta- Eckasha Dur,,,,4
,,"In the name of the Melchizedek Cloister, Emerald Order,",,4
,,"Holy Order of the Yunasai, Sacred House of ONE",,4
,,In the name of the Mashaya-Hana Councils of Aquareion,,4
,,In the name of the Councils of KrystalA’(core Domain Councils),,4
,,"In the name of the Councils of Krystal River(Eckasha Radonic-Edonic-Adonic Tri-Matrix operative)
",,4
,,In the name of the Councils of Aurora(Tri-Matrix Races of Aquareion),,4
,,In the Krystic Name and Action of the AL-Hum-Bhra Magistracy Councils of Cosminyahas and God-Source-1st-Eternal,,4
,,"We call upon the Kristiac Powers of the Sha-A’ Da a-moor(Eternal Wind-Song-jah-sas/gases/air)

",,4
,,We call upon the Kristiac Powers of the Jha-et’-A Dur-a (Eternal Flame of the Divine Fire-vapors/fire),,4
,,We call upon the Kristiac Powers of the Aah-QuA’-el(Eternal Water Flow-fluids/liquids/waters),,4
,,We call upon the Kristiac Powers of the et-a-LA’a KrystalA’ (Eternal Foundation Stone-en-tara fema/solids),,4
,,"We call upon the Kristiac Powers of the E-Ta-Ur’ Sha-LA (Eternal Fire-Ice-Ethers 1st- Radiation)

",,4
,,(Note: “Command” means co-creatively directly with God-Source),,4
,,"We now Command with the entrusted Powers of Aurora Light,",,4
,,We now Invoke the Eternal Krysted Sun…,,4
,,"to Co-create, Release and Renew this PLACE(can be a location, being or circumstance in space-time manifestation)",,4
,,We now Declare in Eternal Sanctification.…,,4
,,"This PLACE, this LAND (or body or circumstance in healing applications), and All within, ... Into the Kristiac Protection here-in set.…",,4
,,"...that the Spirit of Urtha-Sala Rise, the Power of Urtha-Sala Heal, and the Wisdom of Urtha Sala here within Preside,",,4
,,in the name of the Eternal Krist of 1st-Creation and by the Divine Vehicle of the Rei-ha-VA’-ah UN-Krys-ta’-LO(Krystal River).,,4
,,"In Co-Creative Krist Embrace, with Absolute Humility, Absolute Love and Absolute Fore-giving, And ONLY in Absolute Service to the Eternal Krist and ITs Ever-Loving Healing Devotion to ALL-LIFE EVERYWHERE, We BANISH NOW from this Sacred PLACE...all that is unwilling to receive the Absolute Cleansing of the KrystalA’, within the Covenants of Divine Right Order and Divine Right Timing, as ONLY Eternal God-Source can know.

",,4
,,In Loving Kristiac Service we offer Release and Host Arrangement to All those present whom are in need and seek to HEAL within the Sacred Cleansing Field of Urtha-Sala and the Eternal Divine Flows of the Rei-ha-VA’-ah UN-Krys-ta’-LO.,,4
,,"In Kristiac Reverence, Joy and Gratitude for the Unceasing Love and Mercy of the ONE-SOURCE Most-Divine, we END NOW and COMPLETE this Kristiac Sanctification and Salvage Rite of Reclamation...

",,4
,,In the name of the ONE-TRUE-SOURCE-GOD-ETERNAL (“God-Source”),,5
,,In the name of the KRIST-DIVINE(“the Eternal Krist”),,5
,,In the name of the Rei-ha-VA’-ah UN-Krys-ta’-LO(Krystal River),,5
,,In the name of the Councils of KrystalA’ (Core Domain Councils),,5
,,"In the name of the Councils of Krystal River (Eckasha Radonic-Edonic-Adonic Tri-Matrix Co-operative)

",,5
,,In the name of the Councils of Aurora (Tri-Matrix Races of Aquareion),,5
,,"In the name of the Melchizedek Cloister, Emerald Order,",,5
,,"Holy Order of the Yunasai, Sacred House of ONE",,5
,,In the Krystic Name and Action of the AL-Hum-Bhra Magistracy Councils of Cosminyahas and God-Source-1st-Eternal,,5
,,And in the name of ___________(your common or spiritual name spoken)-the Eternally Kristiac “I AM THIS I AM.”,,5
Ta A’jha-in’ta DO’-A (3 x),,,,5
BĒ......TŪ ě - Te - Ta ét – A,,The Silent Strength of Eternal Grace” --”Expressed NOW and in this place,,5
Jha -Na -TĀ OO-et‘ Tá A,,"(Brings) “Loving comfort, peaceful solace” (in face of ) “Disharmony, suffering, spiritual challenge”..”as condition may be or is in present experience”",,5
BĒ......TŪ ě - Te - Ta ét – A,,The Silent Strength of Eternal Grace” --”Expressed NOW and in this place,,5
E-Sha -Neū en -Aah Sha LA,,(Brings) “Perpetual Renewal”..”By the means or way of”..”Eternal Living Light”,,5
Ish -ma -tá eĹ -eN TĀ -DUR eTh’ – A,,"(A Stoic, Noble Stance...”I will hold (IN) ..”appropriate or perfect Bearing”..”in context of the Circumstance around me",,5
DĒ Sa - Lá èn --‘tesh A -DUR Ā,,"The power of my Burning Passion” (to)Be enacted or brought forth through”.....”Spiritual Love, Reverence, Loving Respect",,5
Să - Neu -eń LĀ - Ta -Lus .…,,"The unknown or uncertain circumstance” “as the will, the means...(and) “the Way of Safe Passage",,5
Jhá....en DĀ OOT ah LĀ HĒ,,"In Loving humility, gentleness and Harmlessness, as the will, the means..(and)”…“the Way of Safe Passage”…",,5
MĒ Ta Blen DĀ SŪ NŪ ah KĀe,,"Absolute, Unshakeable...Conviction” “Affirmation or Statement” “The will to”...”Being in fully Kristed existence, I state and Affirm with Absolute Unshakeable Conviction the will to be AS the Eternal Krystar Body in the Su Nu ah Kae Kristed Transcendent State.",,5
La - Va un-Ish -ma Ta’A,,the Eternal Kryst Blood Lava/Love flow”...”at once stoic & noble” “as currently existing condition,,5
OOR - TU - UM en -Tesh DĀ - Sha -LĒ,,"Fills now, completely this vessel” “to be brought forth through” “the will of ReishaLEW Edonic spiritualised 2/3M/ 1/3S ShalA",,5
La - Va Un -Ish -ma Ta’A,,the Eternal Kryst Blood Lava/Love flow”...”at once stoic & noble” “as currently existing condition,,5
Ēs -na -VĀ Ho - en -sa de -Ka -LĒ ‘,,"is now engaged to.. reuniting polarities fertilization, absolutely stated/affirmed in action..complete, consummated, birthed, of Spiritualized KaLA State” (LaLa 1/2 M 1/2S = 1/2 Krystar activation & “0-G” turnaround point",,5
ME -Ta -UR DŪ -et - A Sha -dá – Ā,,"in unshakable conviction & absolute manifestation Power”...(and)Harmony, joy, co-resonance expressed now & in this place, I journey onward to God-Source",,5
NE - fa -Kae‘ en-Tesh ALL-UR-eA,,"(to) enter into Krysted Existence, ",,5
DĀ - Sa -La Ā - neu – ReŪ,,"By the power of my Will to, become fully engaged, embraced, at one with, & renewed by my…Eternal Krysted Spirit",,5
Jha -en TĀ - ish - ma NĀ – DE’,,"in loving humility, Gentleness & harmlessness, in stoic and noble, personal intention & passionate desire",,5
LĀ - TŪ Blen ah’ -HĒ Reu -Dha -LĀ,,"By the way of loving strength, affirmation or statement, my safe passage through, Eternal Krysted Spirit Domain, Doorway or window of Light”(doorway of light into the Eternal, Krysted Domain)",,5
Un.......Sancta De Klaris,,One.....Blood(Krysted Sacred Sanctified “Krystal Clear plasma” Blood of a Krysta DhA’-ya-Tei),,6
Un......NE yah’ StA Ta DE,,"One....Mind, (Krysted, clear, awakened, enlightened mind of a Krystar DhA’-ya-Tei)",,6
Un.......e’-Ta-UM DE-vi’,,One...Life Divine.(Divine Eternal Krysted Life of a Krystar Dha’-ya-Tei),,6
Un....NE yah’ StA Ta DE,,One...mind,,6
Un...E -TUR’ -No A - ha’ – DE,,One....Heart (Eternal Krysted Heart),,6
A - Resh’ Dha ShI’,,"Shall Never Part. (“is held secure in Eternal Krystic Unity.”)

",,6
Un....E -TUR’-NO A - ha’ - DE,,"One.....Heart,(Eternal Krysted Heart)",,6
"Un....Dha -Rha’ -DE Sa -A’ -ho
",,"One...Sight,(Shared Vision of Krysted Co -creation)

",,6
e - Cum’ -sa RhAyas,,"Brings in the Light. (enters in the “Love-Light plasma” Currents, the “RhAyas Ah - min’ -yahs,” the Cos-MA’-yah Eternal Aqualene Sun of internal Eternal Creation.)",,6
Un...RhAyas,,One....Light,,6
Un....Ah -min’ -yah,,"One...Love, (Sacred Eternal Love of God Source as expressed through the “Eternal Presence of the presence” embodied within the Eternal E - Ta -ur Krystal plasma currents of the CosMAyah 1st Aqualenen Sun of Internal Eternal Creation)",,6
Krysta -A’jha Ah’ -SA CUM,,Krystar above(Krystar from which we enter creation and to which we return in ascension),,6
Un...Ah -min’ -yah,,"One...Love, (Sacred Eternal Love of God Source as expressed through the “Eternal Presence of the presence” embodied within the Eternal E - Ta -ur Krystal plasma currents of the CosMAyah 1st Aqualenen Sun of Internal Eternal Creation)",,6
Un...MA’ -ei,,"One...Kiss, (Sharing of the E - Ta -ur vapors of Ah - min’ -yah Krysted Love)",,6
Ah - yah’....E - Ta -ur....ah -SĀ ‘ - yah,,"Breathes in .. the Mist; (takes in/inhales, the Eternal E -Ta -ur of Ah -yah God Source consciousness field)",,6
Un...SĀ-ya,,"One....Breath, (1 intake/inhale; as above)",,6
Un...Sa’ - Yah (1 release/exhale),,"One...Sight,(Shared Vision of Krysted Co -creation)  ",,6
Un...Kry’sta a-DhA’ -Rha,,One...Krystened Eye. (eye that sees clearly its path of the Kryst),,6
"Un..., a -DhA’ -Rha",,One...Eye,,6
Un...U -TRA’ -yum,,"One...Prism, (triangulation of Krysted Light - plasmas)  ",,6
Un...Krystallo Dha -Rha’ -DE,,One...Krystal Vision,,6
Un....Ah -min’ -yah,,"One...Love, (Sacred Eternal Love of God Source as expressed through the “Eternal Presence of the presence” embodied within the Eternal E - Ta -ur Krystal plasma currents of the CosMAyah 1st Aqualenen Sun of Internal Eternal Creation)",,6
Un...Dha -Rha’ DE,,One..Vision,,6
mer -ha -RA -ya Rei -Ha -VA -ya Un Krystallo,,The Krystal River Mission. (action/movement of the Krystal River Host.),,6
"Krysta’ - A’jha,....ah -ú Te -jhe.…",,Krystar......I embrace you...and your,,6
ú,oo,,,
"Ah -min’ -yah,....Ah -min’ -yah,......Ah -min’ -yah..…",,Eternal Krysted Love -Light (The “3 Ah -min’ -yah” plasma Currents of the Cos-MA’-yah Aqualene 1st Sun),,6
eh‘ DhU’-TU Aun,,My......Pure and Only Desire ....is…,,7
ah Tei’  Un  Ah-yah’,,to consciously embody...At-ONE-ment with..Eternal 1st Creation God-Source “unutterable ONE”,,7
Tei’,TE,,,7
Un,yoon,,,7
DE’ en Tah’VO Esh’-Ta en et Deh-Aah’-VA’,,and ITs...all encompassing..Divine Eternal Truth and Divine Eternal Splendor,,7
Teu-en’ta Esh’-Ta Aah-VA’-teos,,There exists within the Divine Eternal Truth..of 1st Original Eternal Life Creation,,7
teos,tOs,,,7
UN-SA’ Ah-yah‘ Tah’-VO e-sayn,,"but one..Eternal 1st Creation God-Source “unutterable ONE”, all encompassing & infinitely aware",,7
e-sayn,Es-on,,,7
DhrU’ Ta’Va et Eah-Blen’-Kah’-ho,,of which ALL things...are...an inseparable part,,7
 Eah,A,,,7
Et en DhrU’ Ta Va et Aah-Dha-mhen’-TA-jhun’,,Et en DhrU’ Ta Va et Aah-Dha-mhen’-TA-jhun’,,7
Eh’ DhU’-TU Aun,,My...Pure and Only Desire...is.…,,7
Ooh-ah’ Tei Yun’,,conscious return to and embodiment of,,7
Ah-VA’ Un  et Ah-BRA’-Yon Ah-Dha’-mhen Ah-yah’,,"Eternal-At-ONE-ment,, & everlasting..unity with..Eternal God-Source “unutterable ONE”",,7
 Un,yoon,,,7
Ahm esTa’ DhE’ un DhA’-ya Un a’-Dhu,,Let....this be...known..as my GREAT..ONE..DESIRE,,7
Et en DhrU’ Ta’Va Aya-ah’VA E-esh’a,,through..which All things..of Divine Grace...are brought forth/made possible,,7
Ta Va’ en’-Teu Ah-yah’,,All things...emerge from...Eternal 1st Creation God-Source “unutterable ONE”,,7
Ta Va’ ah’-Teu Ah-yah’,,All things return to....Eternal 1st Creation God-Source “unutterable ONE”,,7
Ta Va’ ah’-KhA’-VO Ah-yah‘ oo-et’-dE RA’Va,,"All things...resides within ..Eternal God-Source “unutterable ONE,”...now & at all times",,7
Ah-yah’-Dhan’RU A’-pet MhE’-Ta,,Separation from God is but”....an illusion,,7
Ah’-VA Ah-Dha-Mhen‘ Esh’ta-A ah-Teu-en,,Eternal Unity....(is the)....only Eternal Divine Truth..existing,,7
Bhr-ayn,Bhron,,,7
e-te’-DA Esh’ta oom et-dE’ Bhr-ayn ah-BhrE’-yah Dhun,,and to this...Divine Eternal Truth...I...now..choose..to re-awaken.,,7
ah-BhrE’-yah,,to awaken,,7
Dhun,,do over/repeat,,7
,,"From this Still Point of my Wholeness in manifest decision, I Decree in Sovereign Knowing, here expressed at my Command (lovingly stated absolute intention) the Divine Will and Intention of the ONE-SELF that is ONE GOD.

The ONE-SELF that is ONE GOD THIS I AM.",,8
Mah-Hah-Rah-Tah KHUM BI-VecTus.....(name),,I as D-12 Christos Avatar self..(name) ,,8
IN-A-VHO-KI UN’E-BLEUM BI-Vec’TI,,"Invoke by Divine Loving Command Now, by the Power of the Universal Christos",,8
Mah-ah BI-Vec’TI UN UR’-A- OR-NaM’ - OOR,,the D-12 Divine Christos Blueprint past-present-future; NOW the Divine Sea of Liquid Light anchors in the moment.,,8
E’ stA Un’tA E’-Sa Tra’zd Jha‘ HA’-A Rha,,"Absolutely now established, always and forever, in eternal abiding reverent Love of the Eternal ALL-ONE",,8
P’tah-TA Um a Ah-ShA’-Lum,,"Blessed Be all embracing, given forth from the Still Point of Eternal Peace",,8
Thah-A’-Jha in’ta DO A,,"Spoken As IT IS STATED, As SO it IS DONE",,8
Um Sha’-DI UR’-A ah Khum‘ Tun,,"All Embracing Pillar of First Cause Light, I AS THIS expression now.",,8
,,"In the name of the Melchizedek Cloister Emerald Order Eieyani,

Holy Order of the Yunasai,

Sacred House of ONE.",,8
Khum,,I AS,,8
Ma-Ha-Ra-Ta BI-Vectus,,D-12 Christos Avatar Self,,8
In-A-VHO-KI,,invoke by Divine Loving Command,,8
UN,,Now,,8
E-BLEUM,,By the power of,,8
BI-VecTI ,,Universal Christos,,8
Mah ah Bi-VecTI,,D-12 Divine Christos Blueprint past-present-future),,8
UN UR-A-Or-Nam OOR,,Now the Divine Sea of Liquid Light anchors in this moment,,8
E-stA Un-tA E-Sa,,"Absolutely now established, always and forever, in eternal abiding reverent Love of the Eternal ALL-ONE",,8
Trazd-Jha HA-A Rha,,in eternal abiding reverent Love) (HA-A Rha = of the Eternal ALL-ONE,,8
Ptah-TA UM,,"Blessed Be, all embracing",,8
a,,given forth from(in this context),,8
Ah-ShA-Lum,,the Still Point of Eternal Peace,,8
Tha-AJha inta,,Spoken AS IT IS STATED,,8
DO A,,As SO It IS DONE,,8
Um Sha-DI URA,,All Embracing Pillar of First Cause Light,,8
ah Khum Tun,,I AS THIS expression now,,8
,,Once was a night,,9
,,Of a far away dream,,9
,,Once was a night,,9
,,When the candle fires burned,,9
,,Once was a night,,9
,,When the Nightingales sing,,9
,,Once on this night,,9
,,Worlds were born,,9
,,Once on a day,,9
,,When the sun shone its brightest,,9
,,Once on a day,,9
,,When the breezes rose high,,9
,,Once on a day,,9
,,When the rivers flowed with sorrow,,9
,,Once on this day,,9
,,Worlds were gone,,9
,,"But today, in this moment in the heat of the fire",,9
,,Burns a long-aching dream of life returned from the pyre,,9
,,"...Oh come near, new life reborn",,9
,,"Come, come, rise from the waters",,9
,,"Come, come, rise from the sea",,9
,,Reach forth heart of the lion,,9
,,Ringing out from the ancient lands of destiny,,9
,,Once were a peoples,,9
,,Pure and of innocence,,9
,,Once were a peoples,,9
,,Loving and free,,9
,,Once were a people,,9
,,Alive with eternal light,,9
,,Once were a peoples --the Haialeai (Hi-A-Lay) in Victory,,9
,,Once came a wind,,9
,,Dark and cold from the lowly places,,9
,,Once came a spawn,,9
,,Of the dark fallen sun,,9
,,Once when the rays,,9
,,Of the demon spread suffering,,9
,,Once stricken the Haialeai were done,,9
,,"But today, in this moment, in the warmth of the sun",,9
,,Rise the long hidden peoples of the Golden-Silver One,,9
,,Oh come near-Haialeai reborn,,9
,,"Come, come, rise from the dream-lands",,9
,,"Come come, rise from memory",,9
,,Reach forth children of EL-Haialeai,,9
,,Camelot awaits thee where the golden portals call,,9
,,Now in a dream all the worlds that had gone away,,9
,,Now in a dream walking forth to the dawn,,9
,,Here in this dream reaching forth to the universe,,9
,,And call to the port of our home,,9
,,"Come, come, open the doorways",,9
,,"Come come, let us be free",,9
,,"Here, now, we give of our love to thee",,9
,,The homelands so longed for,,9
,,Sacred Khem-A-Lo-Ha-Tea,,9
"e'-Ta A, e'-Ta, LA'-Ha Sha-Dem'-a",,"Come, Come Open the Doorways",,9
"e'Ta A, e'Ta, HE'-ma Ash-ra-DA'",,"Come, Come Let us be free",,9
Chrez-Ha-NA Tu-e-t'a-Deh...Am-or-aea,,"Here, now, we give of our love to thee,",,9
Am-or-aea,Am-Or-A'-a,,,9
Dur-neth'-room ar'-a HA'-na,,The homelands so longed for,,9
e-shoo'-Ra Khem-a-Lo-Ha-Tea,,Sacred Khem-a-Lo-Ha-Tea,,9
